"course_id","student_index","timing","question","value"
82294927,1,"Pre","Predict",1
82294927,1,"Pre","Decision",0
82294927,1,"Pre","Understanding",0
82294927,1,"Pre","Manage",0
82294927,1,"Pre","Policy",0
82294927,1,"Pre","IDK",0
82294927,1,"Post","Predict",1
82294927,1,"Post","Decision",0
82294927,1,"Post","Understanding",0
82294927,1,"Post","Manage",0
82294927,1,"Post","Policy",0
82294927,1,"Post","IDK",0
82294927,2,"Pre","Predict",0
82294927,2,"Pre","Decision",0
82294927,2,"Pre","Understanding",0
82294927,2,"Pre","Manage",0
82294927,2,"Pre","Policy",0
82294927,2,"Pre","IDK",1
82294927,2,"Post","Predict",1
82294927,2,"Post","Decision",0
82294927,2,"Post","Understanding",0
82294927,2,"Post","Manage",0
82294927,2,"Post","Policy",0
82294927,2,"Post","IDK",0
82294927,3,"Pre","Predict",1
82294927,3,"Pre","Decision",1
82294927,3,"Pre","Understanding",1
82294927,3,"Pre","Manage",0
82294927,3,"Pre","Policy",0
82294927,3,"Pre","IDK",0
82294927,3,"Post","Predict",1
82294927,3,"Post","Decision",1
82294927,3,"Post","Understanding",0
82294927,3,"Post","Manage",0
82294927,3,"Post","Policy",0
82294927,3,"Post","IDK",0
82294927,4,"Pre","Predict",1
82294927,4,"Pre","Decision",0
82294927,4,"Pre","Understanding",0
82294927,4,"Pre","Manage",0
82294927,4,"Pre","Policy",0
82294927,4,"Pre","IDK",0
82294927,4,"Post","Predict",0
82294927,4,"Post","Decision",1
82294927,4,"Post","Understanding",0
82294927,4,"Post","Manage",0
82294927,4,"Post","Policy",0
82294927,4,"Post","IDK",0
82294927,5,"Pre","Predict",1
82294927,5,"Pre","Decision",0
82294927,5,"Pre","Understanding",0
82294927,5,"Pre","Manage",0
82294927,5,"Pre","Policy",0
82294927,5,"Pre","IDK",0
82294927,5,"Post","Predict",0
82294927,5,"Post","Decision",1
82294927,5,"Post","Understanding",1
82294927,5,"Post","Manage",0
82294927,5,"Post","Policy",0
82294927,5,"Post","IDK",0
82294927,6,"Pre","Predict",1
82294927,6,"Pre","Decision",1
82294927,6,"Pre","Understanding",0
82294927,6,"Pre","Manage",0
82294927,6,"Pre","Policy",0
82294927,6,"Pre","IDK",0
82294927,6,"Post","Predict",1
82294927,6,"Post","Decision",0
82294927,6,"Post","Understanding",0
82294927,6,"Post","Manage",0
82294927,6,"Post","Policy",0
82294927,6,"Post","IDK",0
82294927,7,"Pre","Predict",0
82294927,7,"Pre","Decision",0
82294927,7,"Pre","Understanding",1
82294927,7,"Pre","Manage",0
82294927,7,"Pre","Policy",0
82294927,7,"Pre","IDK",0
82294927,7,"Post","Predict",1
82294927,7,"Post","Decision",0
82294927,7,"Post","Understanding",0
82294927,7,"Post","Manage",0
82294927,7,"Post","Policy",0
82294927,7,"Post","IDK",0
82294927,8,"Pre","Predict",1
82294927,8,"Pre","Decision",0
82294927,8,"Pre","Understanding",0
82294927,8,"Pre","Manage",0
82294927,8,"Pre","Policy",0
82294927,8,"Pre","IDK",0
82294927,8,"Post","Predict",1
82294927,8,"Post","Decision",1
82294927,8,"Post","Understanding",0
82294927,8,"Post","Manage",0
82294927,8,"Post","Policy",0
82294927,8,"Post","IDK",0
82294927,10,"Pre","Predict",0
82294927,10,"Pre","Decision",0
82294927,10,"Pre","Understanding",1
82294927,10,"Pre","Manage",0
82294927,10,"Pre","Policy",0
82294927,10,"Pre","IDK",0
82294927,10,"Post","Predict",1
82294927,10,"Post","Decision",0
82294927,10,"Post","Understanding",0
82294927,10,"Post","Manage",0
82294927,10,"Post","Policy",0
82294927,10,"Post","IDK",0
82294927,11,"Pre","Predict",0
82294927,11,"Pre","Decision",0
82294927,11,"Pre","Understanding",0
82294927,11,"Pre","Manage",0
82294927,11,"Pre","Policy",0
82294927,11,"Pre","IDK",1
82294927,11,"Post","Predict",0
82294927,11,"Post","Decision",1
82294927,11,"Post","Understanding",0
82294927,11,"Post","Manage",0
82294927,11,"Post","Policy",0
82294927,11,"Post","IDK",0
82294927,12,"Pre","Predict",0
82294927,12,"Pre","Decision",0
82294927,12,"Pre","Understanding",0
82294927,12,"Pre","Manage",0
82294927,12,"Pre","Policy",0
82294927,12,"Pre","IDK",0
82294927,12,"Post","Predict",0
82294927,12,"Post","Decision",0
82294927,12,"Post","Understanding",0
82294927,12,"Post","Manage",0
82294927,12,"Post","Policy",0
82294927,12,"Post","IDK",0
82294927,13,"Pre","Predict",1
82294927,13,"Pre","Decision",0
82294927,13,"Pre","Understanding",0
82294927,13,"Pre","Manage",0
82294927,13,"Pre","Policy",0
82294927,13,"Pre","IDK",0
82294927,13,"Post","Predict",0
82294927,13,"Post","Decision",1
82294927,13,"Post","Understanding",0
82294927,13,"Post","Manage",0
82294927,13,"Post","Policy",0
82294927,13,"Post","IDK",0
82294927,15,"Pre","Predict",0
82294927,15,"Pre","Decision",0
82294927,15,"Pre","Understanding",0
82294927,15,"Pre","Manage",0
82294927,15,"Pre","Policy",0
82294927,15,"Pre","IDK",1
82294927,15,"Post","Predict",1
82294927,15,"Post","Decision",0
82294927,15,"Post","Understanding",0
82294927,15,"Post","Manage",0
82294927,15,"Post","Policy",0
82294927,15,"Post","IDK",0
82294927,16,"Pre","Predict",1
82294927,16,"Pre","Decision",0
82294927,16,"Pre","Understanding",0
82294927,16,"Pre","Manage",1
82294927,16,"Pre","Policy",0
82294927,16,"Pre","IDK",0
82294927,16,"Post","Predict",1
82294927,16,"Post","Decision",1
82294927,16,"Post","Understanding",0
82294927,16,"Post","Manage",0
82294927,16,"Post","Policy",0
82294927,16,"Post","IDK",0
82294927,17,"Pre","Predict",1
82294927,17,"Pre","Decision",0
82294927,17,"Pre","Understanding",0
82294927,17,"Pre","Manage",0
82294927,17,"Pre","Policy",0
82294927,17,"Pre","IDK",0
82294927,17,"Post","Predict",0
82294927,17,"Post","Decision",0
82294927,17,"Post","Understanding",0
82294927,17,"Post","Manage",0
82294927,17,"Post","Policy",0
82294927,17,"Post","IDK",0
82294927,18,"Pre","Predict",0
82294927,18,"Pre","Decision",0
82294927,18,"Pre","Understanding",0
82294927,18,"Pre","Manage",0
82294927,18,"Pre","Policy",0
82294927,18,"Pre","IDK",1
82294927,18,"Post","Predict",0
82294927,18,"Post","Decision",0
82294927,18,"Post","Understanding",0
82294927,18,"Post","Manage",0
82294927,18,"Post","Policy",0
82294927,18,"Post","IDK",0
82294927,19,"Pre","Predict",1
82294927,19,"Pre","Decision",0
82294927,19,"Pre","Understanding",0
82294927,19,"Pre","Manage",0
82294927,19,"Pre","Policy",0
82294927,19,"Pre","IDK",0
82294927,19,"Post","Predict",1
82294927,19,"Post","Decision",0
82294927,19,"Post","Understanding",0
82294927,19,"Post","Manage",1
82294927,19,"Post","Policy",0
82294927,19,"Post","IDK",0
82294927,20,"Pre","Predict",1
82294927,20,"Pre","Decision",0
82294927,20,"Pre","Understanding",0
82294927,20,"Pre","Manage",0
82294927,20,"Pre","Policy",0
82294927,20,"Pre","IDK",0
82294927,20,"Post","Predict",1
82294927,20,"Post","Decision",0
82294927,20,"Post","Understanding",0
82294927,20,"Post","Manage",0
82294927,20,"Post","Policy",0
82294927,20,"Post","IDK",0
82294927,21,"Pre","Predict",0
82294927,21,"Pre","Decision",0
82294927,21,"Pre","Understanding",1
82294927,21,"Pre","Manage",0
82294927,21,"Pre","Policy",0
82294927,21,"Pre","IDK",0
82294927,21,"Post","Predict",0
82294927,21,"Post","Decision",0
82294927,21,"Post","Understanding",1
82294927,21,"Post","Manage",0
82294927,21,"Post","Policy",0
82294927,21,"Post","IDK",0
82294927,22,"Pre","Predict",0
82294927,22,"Pre","Decision",0
82294927,22,"Pre","Understanding",0
82294927,22,"Pre","Manage",0
82294927,22,"Pre","Policy",0
82294927,22,"Pre","IDK",1
82294927,22,"Post","Predict",0
82294927,22,"Post","Decision",0
82294927,22,"Post","Understanding",0
82294927,22,"Post","Manage",0
82294927,22,"Post","Policy",0
82294927,22,"Post","IDK",1
82294927,23,"Pre","Predict",0
82294927,23,"Pre","Decision",0
82294927,23,"Pre","Understanding",1
82294927,23,"Pre","Manage",1
82294927,23,"Pre","Policy",0
82294927,23,"Pre","IDK",0
82294927,23,"Post","Predict",1
82294927,23,"Post","Decision",0
82294927,23,"Post","Understanding",0
82294927,23,"Post","Manage",0
82294927,23,"Post","Policy",0
82294927,23,"Post","IDK",0
82294927,24,"Pre","Predict",0
82294927,24,"Pre","Decision",0
82294927,24,"Pre","Understanding",0
82294927,24,"Pre","Manage",0
82294927,24,"Pre","Policy",0
82294927,24,"Pre","IDK",1
82294927,24,"Post","Predict",0
82294927,24,"Post","Decision",1
82294927,24,"Post","Understanding",0
82294927,24,"Post","Manage",0
82294927,24,"Post","Policy",0
82294927,24,"Post","IDK",0
82294927,25,"Pre","Predict",1
82294927,25,"Pre","Decision",0
82294927,25,"Pre","Understanding",0
82294927,25,"Pre","Manage",0
82294927,25,"Pre","Policy",0
82294927,25,"Pre","IDK",0
82294927,25,"Post","Predict",0
82294927,25,"Post","Decision",1
82294927,25,"Post","Understanding",0
82294927,25,"Post","Manage",0
82294927,25,"Post","Policy",0
82294927,25,"Post","IDK",0
82294927,26,"Pre","Predict",0
82294927,26,"Pre","Decision",0
82294927,26,"Pre","Understanding",0
82294927,26,"Pre","Manage",0
82294927,26,"Pre","Policy",0
82294927,26,"Pre","IDK",0
82294927,26,"Post","Predict",1
82294927,26,"Post","Decision",0
82294927,26,"Post","Understanding",1
82294927,26,"Post","Manage",0
82294927,26,"Post","Policy",0
82294927,26,"Post","IDK",0
82294927,27,"Pre","Predict",0
82294927,27,"Pre","Decision",0
82294927,27,"Pre","Understanding",0
82294927,27,"Pre","Manage",0
82294927,27,"Pre","Policy",0
82294927,27,"Pre","IDK",1
82294927,27,"Post","Predict",1
82294927,27,"Post","Decision",0
82294927,27,"Post","Understanding",0
82294927,27,"Post","Manage",0
82294927,27,"Post","Policy",0
82294927,27,"Post","IDK",0
82294927,28,"Pre","Predict",1
82294927,28,"Pre","Decision",0
82294927,28,"Pre","Understanding",0
82294927,28,"Pre","Manage",1
82294927,28,"Pre","Policy",0
82294927,28,"Pre","IDK",0
82294927,28,"Post","Predict",0
82294927,28,"Post","Decision",1
82294927,28,"Post","Understanding",0
82294927,28,"Post","Manage",0
82294927,28,"Post","Policy",0
82294927,28,"Post","IDK",0
82294927,29,"Pre","Predict",0
82294927,29,"Pre","Decision",0
82294927,29,"Pre","Understanding",0
82294927,29,"Pre","Manage",0
82294927,29,"Pre","Policy",0
82294927,29,"Pre","IDK",1
82294927,29,"Post","Predict",0
82294927,29,"Post","Decision",0
82294927,29,"Post","Understanding",0
82294927,29,"Post","Manage",0
82294927,29,"Post","Policy",0
82294927,29,"Post","IDK",0
82294927,30,"Pre","Predict",0
82294927,30,"Pre","Decision",0
82294927,30,"Pre","Understanding",0
82294927,30,"Pre","Manage",0
82294927,30,"Pre","Policy",0
82294927,30,"Pre","IDK",0
82294927,30,"Post","Predict",1
82294927,30,"Post","Decision",0
82294927,30,"Post","Understanding",0
82294927,30,"Post","Manage",0
82294927,30,"Post","Policy",0
82294927,30,"Post","IDK",0
82294927,31,"Pre","Predict",0
82294927,31,"Pre","Decision",0
82294927,31,"Pre","Understanding",0
82294927,31,"Pre","Manage",0
82294927,31,"Pre","Policy",0
82294927,31,"Pre","IDK",1
82294927,31,"Post","Predict",1
82294927,31,"Post","Decision",0
82294927,31,"Post","Understanding",0
82294927,31,"Post","Manage",0
82294927,31,"Post","Policy",0
82294927,31,"Post","IDK",0
82294927,32,"Pre","Predict",0
82294927,32,"Pre","Decision",0
82294927,32,"Pre","Understanding",0
82294927,32,"Pre","Manage",0
82294927,32,"Pre","Policy",0
82294927,32,"Pre","IDK",1
82294927,32,"Post","Predict",0
82294927,32,"Post","Decision",0
82294927,32,"Post","Understanding",0
82294927,32,"Post","Manage",0
82294927,32,"Post","Policy",0
82294927,32,"Post","IDK",1
82294927,33,"Pre","Predict",0
82294927,33,"Pre","Decision",0
82294927,33,"Pre","Understanding",0
82294927,33,"Pre","Manage",0
82294927,33,"Pre","Policy",0
82294927,33,"Pre","IDK",1
82294927,33,"Post","Predict",0
82294927,33,"Post","Decision",0
82294927,33,"Post","Understanding",0
82294927,33,"Post","Manage",0
82294927,33,"Post","Policy",0
82294927,33,"Post","IDK",1
82294927,34,"Pre","Predict",0
82294927,34,"Pre","Decision",1
82294927,34,"Pre","Understanding",0
82294927,34,"Pre","Manage",0
82294927,34,"Pre","Policy",0
82294927,34,"Pre","IDK",0
82294927,34,"Post","Predict",1
82294927,34,"Post","Decision",0
82294927,34,"Post","Understanding",0
82294927,34,"Post","Manage",0
82294927,34,"Post","Policy",0
82294927,34,"Post","IDK",0
82294927,35,"Pre","Predict",1
82294927,35,"Pre","Decision",0
82294927,35,"Pre","Understanding",0
82294927,35,"Pre","Manage",0
82294927,35,"Pre","Policy",0
82294927,35,"Pre","IDK",0
82294927,35,"Post","Predict",0
82294927,35,"Post","Decision",0
82294927,35,"Post","Understanding",0
82294927,35,"Post","Manage",0
82294927,35,"Post","Policy",1
82294927,35,"Post","IDK",0
82294927,36,"Pre","Predict",1
82294927,36,"Pre","Decision",0
82294927,36,"Pre","Understanding",0
82294927,36,"Pre","Manage",0
82294927,36,"Pre","Policy",0
82294927,36,"Pre","IDK",0
82294927,36,"Post","Predict",1
82294927,36,"Post","Decision",1
82294927,36,"Post","Understanding",0
82294927,36,"Post","Manage",0
82294927,36,"Post","Policy",0
82294927,36,"Post","IDK",0
82294927,37,"Pre","Predict",0
82294927,37,"Pre","Decision",0
82294927,37,"Pre","Understanding",0
82294927,37,"Pre","Manage",0
82294927,37,"Pre","Policy",0
82294927,37,"Pre","IDK",1
82294927,37,"Post","Predict",0
82294927,37,"Post","Decision",0
82294927,37,"Post","Understanding",0
82294927,37,"Post","Manage",0
82294927,37,"Post","Policy",0
82294927,37,"Post","IDK",1
82294927,38,"Pre","Predict",0
82294927,38,"Pre","Decision",0
82294927,38,"Pre","Understanding",0
82294927,38,"Pre","Manage",0
82294927,38,"Pre","Policy",0
82294927,38,"Pre","IDK",1
82294927,38,"Post","Predict",0
82294927,38,"Post","Decision",0
82294927,38,"Post","Understanding",0
82294927,38,"Post","Manage",0
82294927,38,"Post","Policy",0
82294927,38,"Post","IDK",1
82294927,39,"Pre","Predict",0
82294927,39,"Pre","Decision",0
82294927,39,"Pre","Understanding",0
82294927,39,"Pre","Manage",1
82294927,39,"Pre","Policy",0
82294927,39,"Pre","IDK",0
82294927,39,"Post","Predict",0
82294927,39,"Post","Decision",0
82294927,39,"Post","Understanding",1
82294927,39,"Post","Manage",1
82294927,39,"Post","Policy",0
82294927,39,"Post","IDK",0
82294927,41,"Pre","Predict",1
82294927,41,"Pre","Decision",0
82294927,41,"Pre","Understanding",0
82294927,41,"Pre","Manage",0
82294927,41,"Pre","Policy",0
82294927,41,"Pre","IDK",0
82294927,41,"Post","Predict",1
82294927,41,"Post","Decision",0
82294927,41,"Post","Understanding",0
82294927,41,"Post","Manage",0
82294927,41,"Post","Policy",0
82294927,41,"Post","IDK",0
82294927,42,"Pre","Predict",0
82294927,42,"Pre","Decision",0
82294927,42,"Pre","Understanding",0
82294927,42,"Pre","Manage",0
82294927,42,"Pre","Policy",0
82294927,42,"Pre","IDK",1
82294927,42,"Post","Predict",0
82294927,42,"Post","Decision",0
82294927,42,"Post","Understanding",0
82294927,42,"Post","Manage",0
82294927,42,"Post","Policy",0
82294927,42,"Post","IDK",0
82294927,43,"Pre","Predict",1
82294927,43,"Pre","Decision",1
82294927,43,"Pre","Understanding",0
82294927,43,"Pre","Manage",0
82294927,43,"Pre","Policy",0
82294927,43,"Pre","IDK",0
82294927,43,"Post","Predict",1
82294927,43,"Post","Decision",1
82294927,43,"Post","Understanding",0
82294927,43,"Post","Manage",0
82294927,43,"Post","Policy",1
82294927,43,"Post","IDK",0
82294927,44,"Pre","Predict",1
82294927,44,"Pre","Decision",1
82294927,44,"Pre","Understanding",0
82294927,44,"Pre","Manage",0
82294927,44,"Pre","Policy",0
82294927,44,"Pre","IDK",0
82294927,44,"Post","Predict",0
82294927,44,"Post","Decision",1
82294927,44,"Post","Understanding",0
82294927,44,"Post","Manage",0
82294927,44,"Post","Policy",0
82294927,44,"Post","IDK",0
82294927,45,"Pre","Predict",1
82294927,45,"Pre","Decision",0
82294927,45,"Pre","Understanding",0
82294927,45,"Pre","Manage",0
82294927,45,"Pre","Policy",0
82294927,45,"Pre","IDK",0
82294927,45,"Post","Predict",0
82294927,45,"Post","Decision",0
82294927,45,"Post","Understanding",0
82294927,45,"Post","Manage",0
82294927,45,"Post","Policy",0
82294927,45,"Post","IDK",1
82294927,46,"Pre","Predict",0
82294927,46,"Pre","Decision",0
82294927,46,"Pre","Understanding",0
82294927,46,"Pre","Manage",0
82294927,46,"Pre","Policy",0
82294927,46,"Pre","IDK",1
82294927,46,"Post","Predict",0
82294927,46,"Post","Decision",1
82294927,46,"Post","Understanding",0
82294927,46,"Post","Manage",0
82294927,46,"Post","Policy",0
82294927,46,"Post","IDK",0
82294927,47,"Pre","Predict",1
82294927,47,"Pre","Decision",1
82294927,47,"Pre","Understanding",0
82294927,47,"Pre","Manage",0
82294927,47,"Pre","Policy",0
82294927,47,"Pre","IDK",0
82294927,47,"Post","Predict",0
82294927,47,"Post","Decision",1
82294927,47,"Post","Understanding",0
82294927,47,"Post","Manage",0
82294927,47,"Post","Policy",0
82294927,47,"Post","IDK",0
82294927,48,"Pre","Predict",0
82294927,48,"Pre","Decision",0
82294927,48,"Pre","Understanding",0
82294927,48,"Pre","Manage",0
82294927,48,"Pre","Policy",0
82294927,48,"Pre","IDK",1
82294927,48,"Post","Predict",0
82294927,48,"Post","Decision",0
82294927,48,"Post","Understanding",0
82294927,48,"Post","Manage",0
82294927,48,"Post","Policy",0
82294927,48,"Post","IDK",1
82294927,49,"Pre","Predict",0
82294927,49,"Pre","Decision",0
82294927,49,"Pre","Understanding",0
82294927,49,"Pre","Manage",1
82294927,49,"Pre","Policy",0
82294927,49,"Pre","IDK",0
82294927,49,"Post","Predict",1
82294927,49,"Post","Decision",0
82294927,49,"Post","Understanding",0
82294927,49,"Post","Manage",1
82294927,49,"Post","Policy",0
82294927,49,"Post","IDK",0
82294927,50,"Pre","Predict",1
82294927,50,"Pre","Decision",1
82294927,50,"Pre","Understanding",0
82294927,50,"Pre","Manage",0
82294927,50,"Pre","Policy",0
82294927,50,"Pre","IDK",0
82294927,50,"Post","Predict",1
82294927,50,"Post","Decision",0
82294927,50,"Post","Understanding",0
82294927,50,"Post","Manage",0
82294927,50,"Post","Policy",0
82294927,50,"Post","IDK",0
82294927,51,"Pre","Predict",1
82294927,51,"Pre","Decision",0
82294927,51,"Pre","Understanding",0
82294927,51,"Pre","Manage",0
82294927,51,"Pre","Policy",0
82294927,51,"Pre","IDK",0
82294927,51,"Post","Predict",1
82294927,51,"Post","Decision",0
82294927,51,"Post","Understanding",0
82294927,51,"Post","Manage",1
82294927,51,"Post","Policy",0
82294927,51,"Post","IDK",0
82294927,52,"Pre","Predict",0
82294927,52,"Pre","Decision",1
82294927,52,"Pre","Understanding",0
82294927,52,"Pre","Manage",0
82294927,52,"Pre","Policy",0
82294927,52,"Pre","IDK",0
82294927,52,"Post","Predict",0
82294927,52,"Post","Decision",1
82294927,52,"Post","Understanding",0
82294927,52,"Post","Manage",0
82294927,52,"Post","Policy",0
82294927,52,"Post","IDK",0
82294927,53,"Pre","Predict",1
82294927,53,"Pre","Decision",0
82294927,53,"Pre","Understanding",0
82294927,53,"Pre","Manage",0
82294927,53,"Pre","Policy",0
82294927,53,"Pre","IDK",0
82294927,53,"Post","Predict",1
82294927,53,"Post","Decision",0
82294927,53,"Post","Understanding",0
82294927,53,"Post","Manage",0
82294927,53,"Post","Policy",0
82294927,53,"Post","IDK",0
82294927,54,"Pre","Predict",0
82294927,54,"Pre","Decision",0
82294927,54,"Pre","Understanding",0
82294927,54,"Pre","Manage",0
82294927,54,"Pre","Policy",0
82294927,54,"Pre","IDK",1
82294927,54,"Post","Predict",1
82294927,54,"Post","Decision",0
82294927,54,"Post","Understanding",0
82294927,54,"Post","Manage",0
82294927,54,"Post","Policy",0
82294927,54,"Post","IDK",0
82294927,55,"Pre","Predict",0
82294927,55,"Pre","Decision",0
82294927,55,"Pre","Understanding",0
82294927,55,"Pre","Manage",0
82294927,55,"Pre","Policy",0
82294927,55,"Pre","IDK",1
82294927,55,"Post","Predict",0
82294927,55,"Post","Decision",0
82294927,55,"Post","Understanding",0
82294927,55,"Post","Manage",0
82294927,55,"Post","Policy",0
82294927,55,"Post","IDK",1
82294927,56,"Pre","Predict",0
82294927,56,"Pre","Decision",0
82294927,56,"Pre","Understanding",1
82294927,56,"Pre","Manage",0
82294927,56,"Pre","Policy",0
82294927,56,"Pre","IDK",0
82294927,56,"Post","Predict",0
82294927,56,"Post","Decision",0
82294927,56,"Post","Understanding",0
82294927,56,"Post","Manage",0
82294927,56,"Post","Policy",0
82294927,56,"Post","IDK",1
82294927,57,"Pre","Predict",0
82294927,57,"Pre","Decision",0
82294927,57,"Pre","Understanding",0
82294927,57,"Pre","Manage",0
82294927,57,"Pre","Policy",0
82294927,57,"Pre","IDK",1
82294927,57,"Post","Predict",1
82294927,57,"Post","Decision",0
82294927,57,"Post","Understanding",0
82294927,57,"Post","Manage",0
82294927,57,"Post","Policy",0
82294927,57,"Post","IDK",0
82294927,58,"Pre","Predict",1
82294927,58,"Pre","Decision",1
82294927,58,"Pre","Understanding",0
82294927,58,"Pre","Manage",0
82294927,58,"Pre","Policy",0
82294927,58,"Pre","IDK",0
82294927,58,"Post","Predict",1
82294927,58,"Post","Decision",0
82294927,58,"Post","Understanding",0
82294927,58,"Post","Manage",0
82294927,58,"Post","Policy",0
82294927,58,"Post","IDK",0
82294927,59,"Pre","Predict",1
82294927,59,"Pre","Decision",1
82294927,59,"Pre","Understanding",1
82294927,59,"Pre","Manage",0
82294927,59,"Pre","Policy",0
82294927,59,"Pre","IDK",0
82294927,59,"Post","Predict",1
82294927,59,"Post","Decision",1
82294927,59,"Post","Understanding",0
82294927,59,"Post","Manage",1
82294927,59,"Post","Policy",0
82294927,59,"Post","IDK",0
82294927,60,"Pre","Predict",1
82294927,60,"Pre","Decision",0
82294927,60,"Pre","Understanding",0
82294927,60,"Pre","Manage",0
82294927,60,"Pre","Policy",0
82294927,60,"Pre","IDK",0
82294927,60,"Post","Predict",0
82294927,60,"Post","Decision",1
82294927,60,"Post","Understanding",0
82294927,60,"Post","Manage",0
82294927,60,"Post","Policy",0
82294927,60,"Post","IDK",0
82294927,61,"Pre","Predict",1
82294927,61,"Pre","Decision",0
82294927,61,"Pre","Understanding",0
82294927,61,"Pre","Manage",1
82294927,61,"Pre","Policy",0
82294927,61,"Pre","IDK",0
82294927,61,"Post","Predict",0
82294927,61,"Post","Decision",0
82294927,61,"Post","Understanding",0
82294927,61,"Post","Manage",0
82294927,61,"Post","Policy",0
82294927,61,"Post","IDK",0
82294927,62,"Pre","Predict",0
82294927,62,"Pre","Decision",0
82294927,62,"Pre","Understanding",0
82294927,62,"Pre","Manage",0
82294927,62,"Pre","Policy",0
82294927,62,"Pre","IDK",1
82294927,62,"Post","Predict",0
82294927,62,"Post","Decision",0
82294927,62,"Post","Understanding",0
82294927,62,"Post","Manage",1
82294927,62,"Post","Policy",0
82294927,62,"Post","IDK",0
82294927,63,"Pre","Predict",0
82294927,63,"Pre","Decision",0
82294927,63,"Pre","Understanding",1
82294927,63,"Pre","Manage",0
82294927,63,"Pre","Policy",0
82294927,63,"Pre","IDK",0
82294927,63,"Post","Predict",0
82294927,63,"Post","Decision",0
82294927,63,"Post","Understanding",0
82294927,63,"Post","Manage",0
82294927,63,"Post","Policy",0
82294927,63,"Post","IDK",0
82294927,64,"Pre","Predict",0
82294927,64,"Pre","Decision",1
82294927,64,"Pre","Understanding",0
82294927,64,"Pre","Manage",0
82294927,64,"Pre","Policy",0
82294927,64,"Pre","IDK",0
82294927,64,"Post","Predict",1
82294927,64,"Post","Decision",1
82294927,64,"Post","Understanding",0
82294927,64,"Post","Manage",0
82294927,64,"Post","Policy",0
82294927,64,"Post","IDK",0
82294927,65,"Pre","Predict",1
82294927,65,"Pre","Decision",0
82294927,65,"Pre","Understanding",1
82294927,65,"Pre","Manage",0
82294927,65,"Pre","Policy",0
82294927,65,"Pre","IDK",0
82294927,65,"Post","Predict",1
82294927,65,"Post","Decision",0
82294927,65,"Post","Understanding",0
82294927,65,"Post","Manage",0
82294927,65,"Post","Policy",0
82294927,65,"Post","IDK",0
82294927,66,"Pre","Predict",0
82294927,66,"Pre","Decision",0
82294927,66,"Pre","Understanding",0
82294927,66,"Pre","Manage",0
82294927,66,"Pre","Policy",0
82294927,66,"Pre","IDK",1
82294927,66,"Post","Predict",1
82294927,66,"Post","Decision",0
82294927,66,"Post","Understanding",0
82294927,66,"Post","Manage",0
82294927,66,"Post","Policy",0
82294927,66,"Post","IDK",0
82294927,67,"Pre","Predict",0
82294927,67,"Pre","Decision",0
82294927,67,"Pre","Understanding",0
82294927,67,"Pre","Manage",0
82294927,67,"Pre","Policy",0
82294927,67,"Pre","IDK",1
82294927,67,"Post","Predict",0
82294927,67,"Post","Decision",0
82294927,67,"Post","Understanding",0
82294927,67,"Post","Manage",0
82294927,67,"Post","Policy",0
82294927,67,"Post","IDK",0
82294927,68,"Pre","Predict",1
82294927,68,"Pre","Decision",1
82294927,68,"Pre","Understanding",0
82294927,68,"Pre","Manage",0
82294927,68,"Pre","Policy",0
82294927,68,"Pre","IDK",0
82294927,68,"Post","Predict",1
82294927,68,"Post","Decision",1
82294927,68,"Post","Understanding",0
82294927,68,"Post","Manage",0
82294927,68,"Post","Policy",0
82294927,68,"Post","IDK",0
82294927,69,"Pre","Predict",0
82294927,69,"Pre","Decision",0
82294927,69,"Pre","Understanding",0
82294927,69,"Pre","Manage",0
82294927,69,"Pre","Policy",0
82294927,69,"Pre","IDK",1
82294927,69,"Post","Predict",0
82294927,69,"Post","Decision",0
82294927,69,"Post","Understanding",0
82294927,69,"Post","Manage",0
82294927,69,"Post","Policy",0
82294927,69,"Post","IDK",1
82294927,70,"Pre","Predict",0
82294927,70,"Pre","Decision",0
82294927,70,"Pre","Understanding",0
82294927,70,"Pre","Manage",0
82294927,70,"Pre","Policy",0
82294927,70,"Pre","IDK",1
82294927,70,"Post","Predict",0
82294927,70,"Post","Decision",0
82294927,70,"Post","Understanding",1
82294927,70,"Post","Manage",1
82294927,70,"Post","Policy",0
82294927,70,"Post","IDK",0
82294927,71,"Pre","Predict",1
82294927,71,"Pre","Decision",0
82294927,71,"Pre","Understanding",0
82294927,71,"Pre","Manage",0
82294927,71,"Pre","Policy",0
82294927,71,"Pre","IDK",0
82294927,71,"Post","Predict",0
82294927,71,"Post","Decision",1
82294927,71,"Post","Understanding",1
82294927,71,"Post","Manage",0
82294927,71,"Post","Policy",0
82294927,71,"Post","IDK",0
82294927,72,"Pre","Predict",0
82294927,72,"Pre","Decision",0
82294927,72,"Pre","Understanding",0
82294927,72,"Pre","Manage",0
82294927,72,"Pre","Policy",0
82294927,72,"Pre","IDK",1
82294927,72,"Post","Predict",1
82294927,72,"Post","Decision",0
82294927,72,"Post","Understanding",0
82294927,72,"Post","Manage",0
82294927,72,"Post","Policy",0
82294927,72,"Post","IDK",0
82294927,73,"Pre","Predict",1
82294927,73,"Pre","Decision",0
82294927,73,"Pre","Understanding",0
82294927,73,"Pre","Manage",0
82294927,73,"Pre","Policy",0
82294927,73,"Pre","IDK",0
82294927,73,"Post","Predict",1
82294927,73,"Post","Decision",0
82294927,73,"Post","Understanding",0
82294927,73,"Post","Manage",0
82294927,73,"Post","Policy",0
82294927,73,"Post","IDK",0
82294927,74,"Pre","Predict",1
82294927,74,"Pre","Decision",1
82294927,74,"Pre","Understanding",0
82294927,74,"Pre","Manage",0
82294927,74,"Pre","Policy",0
82294927,74,"Pre","IDK",0
82294927,74,"Post","Predict",1
82294927,74,"Post","Decision",0
82294927,74,"Post","Understanding",0
82294927,74,"Post","Manage",0
82294927,74,"Post","Policy",0
82294927,74,"Post","IDK",0
82294927,75,"Pre","Predict",0
82294927,75,"Pre","Decision",0
82294927,75,"Pre","Understanding",0
82294927,75,"Pre","Manage",0
82294927,75,"Pre","Policy",0
82294927,75,"Pre","IDK",1
82294927,75,"Post","Predict",0
82294927,75,"Post","Decision",1
82294927,75,"Post","Understanding",0
82294927,75,"Post","Manage",0
82294927,75,"Post","Policy",0
82294927,75,"Post","IDK",0
82294927,76,"Pre","Predict",0
82294927,76,"Pre","Decision",0
82294927,76,"Pre","Understanding",0
82294927,76,"Pre","Manage",1
82294927,76,"Pre","Policy",0
82294927,76,"Pre","IDK",0
82294927,76,"Post","Predict",1
82294927,76,"Post","Decision",0
82294927,76,"Post","Understanding",0
82294927,76,"Post","Manage",0
82294927,76,"Post","Policy",0
82294927,76,"Post","IDK",0
82294927,77,"Pre","Predict",1
82294927,77,"Pre","Decision",1
82294927,77,"Pre","Understanding",0
82294927,77,"Pre","Manage",0
82294927,77,"Pre","Policy",0
82294927,77,"Pre","IDK",0
82294927,77,"Post","Predict",0
82294927,77,"Post","Decision",1
82294927,77,"Post","Understanding",0
82294927,77,"Post","Manage",0
82294927,77,"Post","Policy",0
82294927,77,"Post","IDK",0
82294927,78,"Pre","Predict",0
82294927,78,"Pre","Decision",0
82294927,78,"Pre","Understanding",0
82294927,78,"Pre","Manage",1
82294927,78,"Pre","Policy",0
82294927,78,"Pre","IDK",0
82294927,78,"Post","Predict",0
82294927,78,"Post","Decision",0
82294927,78,"Post","Understanding",0
82294927,78,"Post","Manage",1
82294927,78,"Post","Policy",0
82294927,78,"Post","IDK",0
82294927,79,"Pre","Predict",1
82294927,79,"Pre","Decision",0
82294927,79,"Pre","Understanding",0
82294927,79,"Pre","Manage",0
82294927,79,"Pre","Policy",0
82294927,79,"Pre","IDK",0
82294927,79,"Post","Predict",1
82294927,79,"Post","Decision",0
82294927,79,"Post","Understanding",0
82294927,79,"Post","Manage",0
82294927,79,"Post","Policy",0
82294927,79,"Post","IDK",0
82294927,80,"Pre","Predict",0
82294927,80,"Pre","Decision",0
82294927,80,"Pre","Understanding",0
82294927,80,"Pre","Manage",0
82294927,80,"Pre","Policy",0
82294927,80,"Pre","IDK",1
82294927,80,"Post","Predict",1
82294927,80,"Post","Decision",0
82294927,80,"Post","Understanding",0
82294927,80,"Post","Manage",0
82294927,80,"Post","Policy",0
82294927,80,"Post","IDK",0
82294927,81,"Pre","Predict",0
82294927,81,"Pre","Decision",0
82294927,81,"Pre","Understanding",0
82294927,81,"Pre","Manage",0
82294927,81,"Pre","Policy",0
82294927,81,"Pre","IDK",1
82294927,81,"Post","Predict",1
82294927,81,"Post","Decision",0
82294927,81,"Post","Understanding",0
82294927,81,"Post","Manage",0
82294927,81,"Post","Policy",0
82294927,81,"Post","IDK",0
82294927,82,"Pre","Predict",1
82294927,82,"Pre","Decision",0
82294927,82,"Pre","Understanding",0
82294927,82,"Pre","Manage",0
82294927,82,"Pre","Policy",0
82294927,82,"Pre","IDK",0
82294927,82,"Post","Predict",0
82294927,82,"Post","Decision",1
82294927,82,"Post","Understanding",0
82294927,82,"Post","Manage",0
82294927,82,"Post","Policy",0
82294927,82,"Post","IDK",0
82294927,83,"Pre","Predict",1
82294927,83,"Pre","Decision",0
82294927,83,"Pre","Understanding",0
82294927,83,"Pre","Manage",0
82294927,83,"Pre","Policy",0
82294927,83,"Pre","IDK",0
82294927,83,"Post","Predict",0
82294927,83,"Post","Decision",1
82294927,83,"Post","Understanding",0
82294927,83,"Post","Manage",0
82294927,83,"Post","Policy",0
82294927,83,"Post","IDK",0
82294927,84,"Pre","Predict",0
82294927,84,"Pre","Decision",0
82294927,84,"Pre","Understanding",0
82294927,84,"Pre","Manage",0
82294927,84,"Pre","Policy",0
82294927,84,"Pre","IDK",1
82294927,84,"Post","Predict",1
82294927,84,"Post","Decision",0
82294927,84,"Post","Understanding",1
82294927,84,"Post","Manage",0
82294927,84,"Post","Policy",0
82294927,84,"Post","IDK",0
82294927,85,"Pre","Predict",1
82294927,85,"Pre","Decision",0
82294927,85,"Pre","Understanding",0
82294927,85,"Pre","Manage",0
82294927,85,"Pre","Policy",0
82294927,85,"Pre","IDK",0
82294927,85,"Post","Predict",1
82294927,85,"Post","Decision",0
82294927,85,"Post","Understanding",1
82294927,85,"Post","Manage",0
82294927,85,"Post","Policy",0
82294927,85,"Post","IDK",0
82294927,86,"Pre","Predict",1
82294927,86,"Pre","Decision",0
82294927,86,"Pre","Understanding",0
82294927,86,"Pre","Manage",1
82294927,86,"Pre","Policy",0
82294927,86,"Pre","IDK",0
82294927,86,"Post","Predict",0
82294927,86,"Post","Decision",1
82294927,86,"Post","Understanding",0
82294927,86,"Post","Manage",1
82294927,86,"Post","Policy",0
82294927,86,"Post","IDK",0
82294927,87,"Pre","Predict",0
82294927,87,"Pre","Decision",0
82294927,87,"Pre","Understanding",0
82294927,87,"Pre","Manage",0
82294927,87,"Pre","Policy",0
82294927,87,"Pre","IDK",1
82294927,87,"Post","Predict",1
82294927,87,"Post","Decision",0
82294927,87,"Post","Understanding",0
82294927,87,"Post","Manage",0
82294927,87,"Post","Policy",0
82294927,87,"Post","IDK",0
82294927,88,"Pre","Predict",0
82294927,88,"Pre","Decision",0
82294927,88,"Pre","Understanding",0
82294927,88,"Pre","Manage",0
82294927,88,"Pre","Policy",0
82294927,88,"Pre","IDK",1
82294927,88,"Post","Predict",0
82294927,88,"Post","Decision",0
82294927,88,"Post","Understanding",0
82294927,88,"Post","Manage",0
82294927,88,"Post","Policy",0
82294927,88,"Post","IDK",1
82294927,89,"Pre","Predict",0
82294927,89,"Pre","Decision",0
82294927,89,"Pre","Understanding",0
82294927,89,"Pre","Manage",0
82294927,89,"Pre","Policy",0
82294927,89,"Pre","IDK",1
82294927,89,"Post","Predict",1
82294927,89,"Post","Decision",0
82294927,89,"Post","Understanding",0
82294927,89,"Post","Manage",0
82294927,89,"Post","Policy",0
82294927,89,"Post","IDK",0
82294927,90,"Pre","Predict",0
82294927,90,"Pre","Decision",0
82294927,90,"Pre","Understanding",0
82294927,90,"Pre","Manage",0
82294927,90,"Pre","Policy",0
82294927,90,"Pre","IDK",1
82294927,90,"Post","Predict",0
82294927,90,"Post","Decision",0
82294927,90,"Post","Understanding",0
82294927,90,"Post","Manage",0
82294927,90,"Post","Policy",0
82294927,90,"Post","IDK",1
82294927,91,"Pre","Predict",0
82294927,91,"Pre","Decision",0
82294927,91,"Pre","Understanding",0
82294927,91,"Pre","Manage",0
82294927,91,"Pre","Policy",0
82294927,91,"Pre","IDK",1
82294927,91,"Post","Predict",1
82294927,91,"Post","Decision",1
82294927,91,"Post","Understanding",0
82294927,91,"Post","Manage",0
82294927,91,"Post","Policy",0
82294927,91,"Post","IDK",0
82294927,93,"Pre","Predict",0
82294927,93,"Pre","Decision",0
82294927,93,"Pre","Understanding",0
82294927,93,"Pre","Manage",0
82294927,93,"Pre","Policy",0
82294927,93,"Pre","IDK",1
82294927,93,"Post","Predict",0
82294927,93,"Post","Decision",0
82294927,93,"Post","Understanding",0
82294927,93,"Post","Manage",0
82294927,93,"Post","Policy",0
82294927,93,"Post","IDK",1
82294927,94,"Pre","Predict",0
82294927,94,"Pre","Decision",0
82294927,94,"Pre","Understanding",0
82294927,94,"Pre","Manage",0
82294927,94,"Pre","Policy",0
82294927,94,"Pre","IDK",1
82294927,94,"Post","Predict",1
82294927,94,"Post","Decision",0
82294927,94,"Post","Understanding",0
82294927,94,"Post","Manage",0
82294927,94,"Post","Policy",0
82294927,94,"Post","IDK",0
82294927,95,"Pre","Predict",0
82294927,95,"Pre","Decision",0
82294927,95,"Pre","Understanding",0
82294927,95,"Pre","Manage",0
82294927,95,"Pre","Policy",0
82294927,95,"Pre","IDK",1
82294927,95,"Post","Predict",0
82294927,95,"Post","Decision",0
82294927,95,"Post","Understanding",0
82294927,95,"Post","Manage",0
82294927,95,"Post","Policy",0
82294927,95,"Post","IDK",1
82294927,96,"Pre","Predict",1
82294927,96,"Pre","Decision",0
82294927,96,"Pre","Understanding",0
82294927,96,"Pre","Manage",0
82294927,96,"Pre","Policy",0
82294927,96,"Pre","IDK",0
82294927,96,"Post","Predict",1
82294927,96,"Post","Decision",0
82294927,96,"Post","Understanding",0
82294927,96,"Post","Manage",0
82294927,96,"Post","Policy",0
82294927,96,"Post","IDK",0
82294927,97,"Pre","Predict",0
82294927,97,"Pre","Decision",0
82294927,97,"Pre","Understanding",0
82294927,97,"Pre","Manage",1
82294927,97,"Pre","Policy",0
82294927,97,"Pre","IDK",0
82294927,97,"Post","Predict",1
82294927,97,"Post","Decision",0
82294927,97,"Post","Understanding",1
82294927,97,"Post","Manage",0
82294927,97,"Post","Policy",0
82294927,97,"Post","IDK",0
82294927,98,"Pre","Predict",1
82294927,98,"Pre","Decision",0
82294927,98,"Pre","Understanding",0
82294927,98,"Pre","Manage",0
82294927,98,"Pre","Policy",0
82294927,98,"Pre","IDK",0
82294927,98,"Post","Predict",1
82294927,98,"Post","Decision",0
82294927,98,"Post","Understanding",0
82294927,98,"Post","Manage",0
82294927,98,"Post","Policy",0
82294927,98,"Post","IDK",0
82294927,99,"Pre","Predict",0
82294927,99,"Pre","Decision",0
82294927,99,"Pre","Understanding",0
82294927,99,"Pre","Manage",0
82294927,99,"Pre","Policy",0
82294927,99,"Pre","IDK",1
82294927,99,"Post","Predict",1
82294927,99,"Post","Decision",1
82294927,99,"Post","Understanding",0
82294927,99,"Post","Manage",0
82294927,99,"Post","Policy",0
82294927,99,"Post","IDK",0
82294927,100,"Pre","Predict",1
82294927,100,"Pre","Decision",0
82294927,100,"Pre","Understanding",0
82294927,100,"Pre","Manage",0
82294927,100,"Pre","Policy",0
82294927,100,"Pre","IDK",0
82294927,100,"Post","Predict",0
82294927,100,"Post","Decision",1
82294927,100,"Post","Understanding",0
82294927,100,"Post","Manage",0
82294927,100,"Post","Policy",0
82294927,100,"Post","IDK",0
82294927,101,"Pre","Predict",0
82294927,101,"Pre","Decision",0
82294927,101,"Pre","Understanding",0
82294927,101,"Pre","Manage",1
82294927,101,"Pre","Policy",0
82294927,101,"Pre","IDK",0
82294927,101,"Post","Predict",1
82294927,101,"Post","Decision",0
82294927,101,"Post","Understanding",0
82294927,101,"Post","Manage",1
82294927,101,"Post","Policy",0
82294927,101,"Post","IDK",0
82294927,102,"Pre","Predict",0
82294927,102,"Pre","Decision",1
82294927,102,"Pre","Understanding",0
82294927,102,"Pre","Manage",0
82294927,102,"Pre","Policy",0
82294927,102,"Pre","IDK",0
82294927,102,"Post","Predict",1
82294927,102,"Post","Decision",0
82294927,102,"Post","Understanding",0
82294927,102,"Post","Manage",0
82294927,102,"Post","Policy",0
82294927,102,"Post","IDK",0
82294927,103,"Pre","Predict",0
82294927,103,"Pre","Decision",0
82294927,103,"Pre","Understanding",0
82294927,103,"Pre","Manage",1
82294927,103,"Pre","Policy",0
82294927,103,"Pre","IDK",0
82294927,103,"Post","Predict",0
82294927,103,"Post","Decision",1
82294927,103,"Post","Understanding",0
82294927,103,"Post","Manage",0
82294927,103,"Post","Policy",0
82294927,103,"Post","IDK",0
82294927,104,"Pre","Predict",1
82294927,104,"Pre","Decision",0
82294927,104,"Pre","Understanding",0
82294927,104,"Pre","Manage",0
82294927,104,"Pre","Policy",0
82294927,104,"Pre","IDK",0
82294927,104,"Post","Predict",0
82294927,104,"Post","Decision",0
82294927,104,"Post","Understanding",0
82294927,104,"Post","Manage",0
82294927,104,"Post","Policy",0
82294927,104,"Post","IDK",0
82294927,105,"Pre","Predict",1
82294927,105,"Pre","Decision",0
82294927,105,"Pre","Understanding",0
82294927,105,"Pre","Manage",0
82294927,105,"Pre","Policy",0
82294927,105,"Pre","IDK",0
82294927,105,"Post","Predict",0
82294927,105,"Post","Decision",1
82294927,105,"Post","Understanding",0
82294927,105,"Post","Manage",0
82294927,105,"Post","Policy",0
82294927,105,"Post","IDK",0
82294927,106,"Pre","Predict",1
82294927,106,"Pre","Decision",0
82294927,106,"Pre","Understanding",0
82294927,106,"Pre","Manage",0
82294927,106,"Pre","Policy",0
82294927,106,"Pre","IDK",0
82294927,106,"Post","Predict",1
82294927,106,"Post","Decision",0
82294927,106,"Post","Understanding",0
82294927,106,"Post","Manage",0
82294927,106,"Post","Policy",0
82294927,106,"Post","IDK",0
82294927,108,"Pre","Predict",1
82294927,108,"Pre","Decision",1
82294927,108,"Pre","Understanding",0
82294927,108,"Pre","Manage",0
82294927,108,"Pre","Policy",0
82294927,108,"Pre","IDK",0
82294927,108,"Post","Predict",0
82294927,108,"Post","Decision",1
82294927,108,"Post","Understanding",0
82294927,108,"Post","Manage",0
82294927,108,"Post","Policy",0
82294927,108,"Post","IDK",0
82294927,109,"Pre","Predict",0
82294927,109,"Pre","Decision",0
82294927,109,"Pre","Understanding",0
82294927,109,"Pre","Manage",0
82294927,109,"Pre","Policy",0
82294927,109,"Pre","IDK",1
82294927,109,"Post","Predict",1
82294927,109,"Post","Decision",0
82294927,109,"Post","Understanding",0
82294927,109,"Post","Manage",0
82294927,109,"Post","Policy",0
82294927,109,"Post","IDK",0
82294927,110,"Pre","Predict",1
82294927,110,"Pre","Decision",1
82294927,110,"Pre","Understanding",0
82294927,110,"Pre","Manage",0
82294927,110,"Pre","Policy",0
82294927,110,"Pre","IDK",0
82294927,110,"Post","Predict",0
82294927,110,"Post","Decision",1
82294927,110,"Post","Understanding",1
82294927,110,"Post","Manage",0
82294927,110,"Post","Policy",0
82294927,110,"Post","IDK",0
82294927,111,"Pre","Predict",1
82294927,111,"Pre","Decision",0
82294927,111,"Pre","Understanding",0
82294927,111,"Pre","Manage",0
82294927,111,"Pre","Policy",0
82294927,111,"Pre","IDK",0
82294927,111,"Post","Predict",0
82294927,111,"Post","Decision",0
82294927,111,"Post","Understanding",0
82294927,111,"Post","Manage",1
82294927,111,"Post","Policy",0
82294927,111,"Post","IDK",0
82294927,112,"Pre","Predict",0
82294927,112,"Pre","Decision",0
82294927,112,"Pre","Understanding",0
82294927,112,"Pre","Manage",0
82294927,112,"Pre","Policy",0
82294927,112,"Pre","IDK",1
82294927,112,"Post","Predict",1
82294927,112,"Post","Decision",1
82294927,112,"Post","Understanding",0
82294927,112,"Post","Manage",1
82294927,112,"Post","Policy",0
82294927,112,"Post","IDK",0
82294927,114,"Pre","Predict",1
82294927,114,"Pre","Decision",0
82294927,114,"Pre","Understanding",0
82294927,114,"Pre","Manage",0
82294927,114,"Pre","Policy",0
82294927,114,"Pre","IDK",0
82294927,114,"Post","Predict",0
82294927,114,"Post","Decision",1
82294927,114,"Post","Understanding",0
82294927,114,"Post","Manage",0
82294927,114,"Post","Policy",0
82294927,114,"Post","IDK",0
82294927,115,"Pre","Predict",1
82294927,115,"Pre","Decision",0
82294927,115,"Pre","Understanding",0
82294927,115,"Pre","Manage",0
82294927,115,"Pre","Policy",0
82294927,115,"Pre","IDK",0
82294927,115,"Post","Predict",1
82294927,115,"Post","Decision",1
82294927,115,"Post","Understanding",0
82294927,115,"Post","Manage",0
82294927,115,"Post","Policy",0
82294927,115,"Post","IDK",0
82294927,117,"Pre","Predict",1
82294927,117,"Pre","Decision",0
82294927,117,"Pre","Understanding",0
82294927,117,"Pre","Manage",1
82294927,117,"Pre","Policy",0
82294927,117,"Pre","IDK",0
82294927,117,"Post","Predict",1
82294927,117,"Post","Decision",1
82294927,117,"Post","Understanding",0
82294927,117,"Post","Manage",0
82294927,117,"Post","Policy",0
82294927,117,"Post","IDK",0
82294927,118,"Pre","Predict",0
82294927,118,"Pre","Decision",0
82294927,118,"Pre","Understanding",0
82294927,118,"Pre","Manage",0
82294927,118,"Pre","Policy",0
82294927,118,"Pre","IDK",1
82294927,118,"Post","Predict",1
82294927,118,"Post","Decision",0
82294927,118,"Post","Understanding",0
82294927,118,"Post","Manage",0
82294927,118,"Post","Policy",0
82294927,118,"Post","IDK",0
82294927,119,"Pre","Predict",1
82294927,119,"Pre","Decision",0
82294927,119,"Pre","Understanding",0
82294927,119,"Pre","Manage",1
82294927,119,"Pre","Policy",0
82294927,119,"Pre","IDK",0
82294927,119,"Post","Predict",1
82294927,119,"Post","Decision",0
82294927,119,"Post","Understanding",0
82294927,119,"Post","Manage",0
82294927,119,"Post","Policy",0
82294927,119,"Post","IDK",0
82294927,120,"Pre","Predict",0
82294927,120,"Pre","Decision",0
82294927,120,"Pre","Understanding",1
82294927,120,"Pre","Manage",0
82294927,120,"Pre","Policy",0
82294927,120,"Pre","IDK",0
82294927,120,"Post","Predict",1
82294927,120,"Post","Decision",1
82294927,120,"Post","Understanding",0
82294927,120,"Post","Manage",0
82294927,120,"Post","Policy",0
82294927,120,"Post","IDK",0
82294927,121,"Pre","Predict",0
82294927,121,"Pre","Decision",1
82294927,121,"Pre","Understanding",1
82294927,121,"Pre","Manage",1
82294927,121,"Pre","Policy",0
82294927,121,"Pre","IDK",0
82294927,121,"Post","Predict",0
82294927,121,"Post","Decision",1
82294927,121,"Post","Understanding",0
82294927,121,"Post","Manage",1
82294927,121,"Post","Policy",0
82294927,121,"Post","IDK",0
82294927,123,"Pre","Predict",1
82294927,123,"Pre","Decision",0
82294927,123,"Pre","Understanding",0
82294927,123,"Pre","Manage",0
82294927,123,"Pre","Policy",0
82294927,123,"Pre","IDK",0
82294927,123,"Post","Predict",1
82294927,123,"Post","Decision",0
82294927,123,"Post","Understanding",0
82294927,123,"Post","Manage",0
82294927,123,"Post","Policy",0
82294927,123,"Post","IDK",0
82294927,124,"Pre","Predict",1
82294927,124,"Pre","Decision",0
82294927,124,"Pre","Understanding",0
82294927,124,"Pre","Manage",0
82294927,124,"Pre","Policy",0
82294927,124,"Pre","IDK",0
82294927,124,"Post","Predict",1
82294927,124,"Post","Decision",0
82294927,124,"Post","Understanding",0
82294927,124,"Post","Manage",0
82294927,124,"Post","Policy",0
82294927,124,"Post","IDK",0
82294927,125,"Pre","Predict",0
82294927,125,"Pre","Decision",0
82294927,125,"Pre","Understanding",0
82294927,125,"Pre","Manage",0
82294927,125,"Pre","Policy",0
82294927,125,"Pre","IDK",1
82294927,125,"Post","Predict",0
82294927,125,"Post","Decision",0
82294927,125,"Post","Understanding",0
82294927,125,"Post","Manage",0
82294927,125,"Post","Policy",0
82294927,125,"Post","IDK",0
82294927,126,"Pre","Predict",1
82294927,126,"Pre","Decision",0
82294927,126,"Pre","Understanding",0
82294927,126,"Pre","Manage",1
82294927,126,"Pre","Policy",0
82294927,126,"Pre","IDK",0
82294927,126,"Post","Predict",1
82294927,126,"Post","Decision",0
82294927,126,"Post","Understanding",0
82294927,126,"Post","Manage",1
82294927,126,"Post","Policy",0
82294927,126,"Post","IDK",0
82294927,127,"Pre","Predict",0
82294927,127,"Pre","Decision",0
82294927,127,"Pre","Understanding",0
82294927,127,"Pre","Manage",0
82294927,127,"Pre","Policy",0
82294927,127,"Pre","IDK",1
82294927,127,"Post","Predict",1
82294927,127,"Post","Decision",0
82294927,127,"Post","Understanding",1
82294927,127,"Post","Manage",0
82294927,127,"Post","Policy",0
82294927,127,"Post","IDK",0
82294927,128,"Pre","Predict",1
82294927,128,"Pre","Decision",0
82294927,128,"Pre","Understanding",1
82294927,128,"Pre","Manage",0
82294927,128,"Pre","Policy",0
82294927,128,"Pre","IDK",0
82294927,128,"Post","Predict",1
82294927,128,"Post","Decision",0
82294927,128,"Post","Understanding",0
82294927,128,"Post","Manage",0
82294927,128,"Post","Policy",0
82294927,128,"Post","IDK",0
82294927,129,"Pre","Predict",1
82294927,129,"Pre","Decision",0
82294927,129,"Pre","Understanding",1
82294927,129,"Pre","Manage",0
82294927,129,"Pre","Policy",0
82294927,129,"Pre","IDK",0
82294927,129,"Post","Predict",1
82294927,129,"Post","Decision",0
82294927,129,"Post","Understanding",0
82294927,129,"Post","Manage",1
82294927,129,"Post","Policy",0
82294927,129,"Post","IDK",0
82294927,130,"Pre","Predict",1
82294927,130,"Pre","Decision",0
82294927,130,"Pre","Understanding",0
82294927,130,"Pre","Manage",0
82294927,130,"Pre","Policy",0
82294927,130,"Pre","IDK",0
82294927,130,"Post","Predict",1
82294927,130,"Post","Decision",0
82294927,130,"Post","Understanding",0
82294927,130,"Post","Manage",0
82294927,130,"Post","Policy",0
82294927,130,"Post","IDK",0
82294927,131,"Pre","Predict",0
82294927,131,"Pre","Decision",0
82294927,131,"Pre","Understanding",0
82294927,131,"Pre","Manage",0
82294927,131,"Pre","Policy",0
82294927,131,"Pre","IDK",1
82294927,131,"Post","Predict",1
82294927,131,"Post","Decision",0
82294927,131,"Post","Understanding",0
82294927,131,"Post","Manage",0
82294927,131,"Post","Policy",0
82294927,131,"Post","IDK",0
82294927,132,"Pre","Predict",0
82294927,132,"Pre","Decision",0
82294927,132,"Pre","Understanding",0
82294927,132,"Pre","Manage",0
82294927,132,"Pre","Policy",0
82294927,132,"Pre","IDK",1
82294927,132,"Post","Predict",0
82294927,132,"Post","Decision",1
82294927,132,"Post","Understanding",0
82294927,132,"Post","Manage",0
82294927,132,"Post","Policy",0
82294927,132,"Post","IDK",0
82294927,133,"Pre","Predict",1
82294927,133,"Pre","Decision",0
82294927,133,"Pre","Understanding",0
82294927,133,"Pre","Manage",0
82294927,133,"Pre","Policy",0
82294927,133,"Pre","IDK",0
82294927,133,"Post","Predict",1
82294927,133,"Post","Decision",1
82294927,133,"Post","Understanding",0
82294927,133,"Post","Manage",0
82294927,133,"Post","Policy",0
82294927,133,"Post","IDK",0
82294927,134,"Pre","Predict",1
82294927,134,"Pre","Decision",0
82294927,134,"Pre","Understanding",0
82294927,134,"Pre","Manage",0
82294927,134,"Pre","Policy",0
82294927,134,"Pre","IDK",0
82294927,134,"Post","Predict",1
82294927,134,"Post","Decision",0
82294927,134,"Post","Understanding",0
82294927,134,"Post","Manage",0
82294927,134,"Post","Policy",0
82294927,134,"Post","IDK",0
82294927,137,"Pre","Predict",0
82294927,137,"Pre","Decision",0
82294927,137,"Pre","Understanding",0
82294927,137,"Pre","Manage",0
82294927,137,"Pre","Policy",0
82294927,137,"Pre","IDK",1
82294927,137,"Post","Predict",1
82294927,137,"Post","Decision",0
82294927,137,"Post","Understanding",0
82294927,137,"Post","Manage",0
82294927,137,"Post","Policy",0
82294927,137,"Post","IDK",0
82294927,139,"Pre","Predict",0
82294927,139,"Pre","Decision",0
82294927,139,"Pre","Understanding",0
82294927,139,"Pre","Manage",0
82294927,139,"Pre","Policy",0
82294927,139,"Pre","IDK",1
82294927,139,"Post","Predict",1
82294927,139,"Post","Decision",0
82294927,139,"Post","Understanding",0
82294927,139,"Post","Manage",0
82294927,139,"Post","Policy",0
82294927,139,"Post","IDK",0
82294927,140,"Pre","Predict",1
82294927,140,"Pre","Decision",0
82294927,140,"Pre","Understanding",0
82294927,140,"Pre","Manage",0
82294927,140,"Pre","Policy",0
82294927,140,"Pre","IDK",0
82294927,140,"Post","Predict",0
82294927,140,"Post","Decision",1
82294927,140,"Post","Understanding",0
82294927,140,"Post","Manage",0
82294927,140,"Post","Policy",0
82294927,140,"Post","IDK",0
82294927,141,"Pre","Predict",0
82294927,141,"Pre","Decision",1
82294927,141,"Pre","Understanding",1
82294927,141,"Pre","Manage",0
82294927,141,"Pre","Policy",0
82294927,141,"Pre","IDK",0
82294927,141,"Post","Predict",0
82294927,141,"Post","Decision",1
82294927,141,"Post","Understanding",0
82294927,141,"Post","Manage",0
82294927,141,"Post","Policy",0
82294927,141,"Post","IDK",0
82294927,142,"Pre","Predict",1
82294927,142,"Pre","Decision",0
82294927,142,"Pre","Understanding",0
82294927,142,"Pre","Manage",0
82294927,142,"Pre","Policy",0
82294927,142,"Pre","IDK",0
82294927,142,"Post","Predict",1
82294927,142,"Post","Decision",0
82294927,142,"Post","Understanding",0
82294927,142,"Post","Manage",0
82294927,142,"Post","Policy",0
82294927,142,"Post","IDK",0
82294927,143,"Pre","Predict",0
82294927,143,"Pre","Decision",0
82294927,143,"Pre","Understanding",0
82294927,143,"Pre","Manage",0
82294927,143,"Pre","Policy",0
82294927,143,"Pre","IDK",1
82294927,143,"Post","Predict",1
82294927,143,"Post","Decision",1
82294927,143,"Post","Understanding",0
82294927,143,"Post","Manage",0
82294927,143,"Post","Policy",0
82294927,143,"Post","IDK",0
82294927,144,"Pre","Predict",0
82294927,144,"Pre","Decision",0
82294927,144,"Pre","Understanding",0
82294927,144,"Pre","Manage",1
82294927,144,"Pre","Policy",0
82294927,144,"Pre","IDK",0
82294927,144,"Post","Predict",0
82294927,144,"Post","Decision",1
82294927,144,"Post","Understanding",1
82294927,144,"Post","Manage",1
82294927,144,"Post","Policy",0
82294927,144,"Post","IDK",0
82294927,145,"Pre","Predict",0
82294927,145,"Pre","Decision",0
82294927,145,"Pre","Understanding",0
82294927,145,"Pre","Manage",0
82294927,145,"Pre","Policy",0
82294927,145,"Pre","IDK",1
82294927,145,"Post","Predict",0
82294927,145,"Post","Decision",0
82294927,145,"Post","Understanding",0
82294927,145,"Post","Manage",0
82294927,145,"Post","Policy",0
82294927,145,"Post","IDK",1
82294927,146,"Pre","Predict",1
82294927,146,"Pre","Decision",0
82294927,146,"Pre","Understanding",0
82294927,146,"Pre","Manage",0
82294927,146,"Pre","Policy",0
82294927,146,"Pre","IDK",0
82294927,146,"Post","Predict",0
82294927,146,"Post","Decision",1
82294927,146,"Post","Understanding",0
82294927,146,"Post","Manage",0
82294927,146,"Post","Policy",0
82294927,146,"Post","IDK",0
82294927,147,"Pre","Predict",0
82294927,147,"Pre","Decision",0
82294927,147,"Pre","Understanding",0
82294927,147,"Pre","Manage",0
82294927,147,"Pre","Policy",0
82294927,147,"Pre","IDK",1
82294927,147,"Post","Predict",1
82294927,147,"Post","Decision",0
82294927,147,"Post","Understanding",0
82294927,147,"Post","Manage",0
82294927,147,"Post","Policy",0
82294927,147,"Post","IDK",0
82294927,148,"Pre","Predict",0
82294927,148,"Pre","Decision",0
82294927,148,"Pre","Understanding",0
82294927,148,"Pre","Manage",0
82294927,148,"Pre","Policy",0
82294927,148,"Pre","IDK",1
82294927,148,"Post","Predict",0
82294927,148,"Post","Decision",0
82294927,148,"Post","Understanding",0
82294927,148,"Post","Manage",0
82294927,148,"Post","Policy",0
82294927,148,"Post","IDK",0
82294927,149,"Pre","Predict",0
82294927,149,"Pre","Decision",0
82294927,149,"Pre","Understanding",0
82294927,149,"Pre","Manage",1
82294927,149,"Pre","Policy",0
82294927,149,"Pre","IDK",0
82294927,149,"Post","Predict",0
82294927,149,"Post","Decision",1
82294927,149,"Post","Understanding",0
82294927,149,"Post","Manage",0
82294927,149,"Post","Policy",0
82294927,149,"Post","IDK",0
82294927,150,"Pre","Predict",1
82294927,150,"Pre","Decision",0
82294927,150,"Pre","Understanding",0
82294927,150,"Pre","Manage",0
82294927,150,"Pre","Policy",0
82294927,150,"Pre","IDK",0
82294927,150,"Post","Predict",1
82294927,150,"Post","Decision",0
82294927,150,"Post","Understanding",0
82294927,150,"Post","Manage",0
82294927,150,"Post","Policy",0
82294927,150,"Post","IDK",0
82294927,151,"Pre","Predict",1
82294927,151,"Pre","Decision",1
82294927,151,"Pre","Understanding",0
82294927,151,"Pre","Manage",0
82294927,151,"Pre","Policy",0
82294927,151,"Pre","IDK",0
82294927,151,"Post","Predict",1
82294927,151,"Post","Decision",0
82294927,151,"Post","Understanding",1
82294927,151,"Post","Manage",0
82294927,151,"Post","Policy",0
82294927,151,"Post","IDK",0
82294927,152,"Pre","Predict",1
82294927,152,"Pre","Decision",0
82294927,152,"Pre","Understanding",0
82294927,152,"Pre","Manage",0
82294927,152,"Pre","Policy",0
82294927,152,"Pre","IDK",0
82294927,152,"Post","Predict",1
82294927,152,"Post","Decision",0
82294927,152,"Post","Understanding",0
82294927,152,"Post","Manage",0
82294927,152,"Post","Policy",0
82294927,152,"Post","IDK",0
82294927,153,"Pre","Predict",0
82294927,153,"Pre","Decision",0
82294927,153,"Pre","Understanding",0
82294927,153,"Pre","Manage",0
82294927,153,"Pre","Policy",0
82294927,153,"Pre","IDK",1
82294927,153,"Post","Predict",1
82294927,153,"Post","Decision",0
82294927,153,"Post","Understanding",0
82294927,153,"Post","Manage",0
82294927,153,"Post","Policy",0
82294927,153,"Post","IDK",0
82294927,154,"Pre","Predict",0
82294927,154,"Pre","Decision",0
82294927,154,"Pre","Understanding",0
82294927,154,"Pre","Manage",0
82294927,154,"Pre","Policy",0
82294927,154,"Pre","IDK",1
82294927,154,"Post","Predict",1
82294927,154,"Post","Decision",0
82294927,154,"Post","Understanding",0
82294927,154,"Post","Manage",0
82294927,154,"Post","Policy",0
82294927,154,"Post","IDK",0
82294927,156,"Pre","Predict",0
82294927,156,"Pre","Decision",0
82294927,156,"Pre","Understanding",0
82294927,156,"Pre","Manage",0
82294927,156,"Pre","Policy",0
82294927,156,"Pre","IDK",1
82294927,156,"Post","Predict",1
82294927,156,"Post","Decision",0
82294927,156,"Post","Understanding",0
82294927,156,"Post","Manage",0
82294927,156,"Post","Policy",0
82294927,156,"Post","IDK",0
82294927,157,"Pre","Predict",1
82294927,157,"Pre","Decision",0
82294927,157,"Pre","Understanding",0
82294927,157,"Pre","Manage",0
82294927,157,"Pre","Policy",0
82294927,157,"Pre","IDK",0
82294927,157,"Post","Predict",1
82294927,157,"Post","Decision",0
82294927,157,"Post","Understanding",1
82294927,157,"Post","Manage",0
82294927,157,"Post","Policy",0
82294927,157,"Post","IDK",0
82294927,158,"Pre","Predict",1
82294927,158,"Pre","Decision",0
82294927,158,"Pre","Understanding",0
82294927,158,"Pre","Manage",1
82294927,158,"Pre","Policy",1
82294927,158,"Pre","IDK",0
82294927,158,"Post","Predict",0
82294927,158,"Post","Decision",1
82294927,158,"Post","Understanding",0
82294927,158,"Post","Manage",1
82294927,158,"Post","Policy",1
82294927,158,"Post","IDK",0
82294927,159,"Pre","Predict",0
82294927,159,"Pre","Decision",0
82294927,159,"Pre","Understanding",1
82294927,159,"Pre","Manage",0
82294927,159,"Pre","Policy",0
82294927,159,"Pre","IDK",0
82294927,159,"Post","Predict",1
82294927,159,"Post","Decision",0
82294927,159,"Post","Understanding",0
82294927,159,"Post","Manage",0
82294927,159,"Post","Policy",0
82294927,159,"Post","IDK",0
82294927,161,"Pre","Predict",0
82294927,161,"Pre","Decision",0
82294927,161,"Pre","Understanding",1
82294927,161,"Pre","Manage",0
82294927,161,"Pre","Policy",0
82294927,161,"Pre","IDK",0
82294927,161,"Post","Predict",1
82294927,161,"Post","Decision",0
82294927,161,"Post","Understanding",0
82294927,161,"Post","Manage",0
82294927,161,"Post","Policy",0
82294927,161,"Post","IDK",0
82294927,162,"Pre","Predict",0
82294927,162,"Pre","Decision",0
82294927,162,"Pre","Understanding",0
82294927,162,"Pre","Manage",0
82294927,162,"Pre","Policy",0
82294927,162,"Pre","IDK",1
82294927,162,"Post","Predict",0
82294927,162,"Post","Decision",1
82294927,162,"Post","Understanding",0
82294927,162,"Post","Manage",0
82294927,162,"Post","Policy",0
82294927,162,"Post","IDK",0
82294927,163,"Pre","Predict",1
82294927,163,"Pre","Decision",0
82294927,163,"Pre","Understanding",0
82294927,163,"Pre","Manage",0
82294927,163,"Pre","Policy",0
82294927,163,"Pre","IDK",0
82294927,163,"Post","Predict",0
82294927,163,"Post","Decision",1
82294927,163,"Post","Understanding",0
82294927,163,"Post","Manage",0
82294927,163,"Post","Policy",0
82294927,163,"Post","IDK",0
82294927,164,"Pre","Predict",1
82294927,164,"Pre","Decision",1
82294927,164,"Pre","Understanding",0
82294927,164,"Pre","Manage",0
82294927,164,"Pre","Policy",0
82294927,164,"Pre","IDK",0
82294927,164,"Post","Predict",0
82294927,164,"Post","Decision",1
82294927,164,"Post","Understanding",0
82294927,164,"Post","Manage",0
82294927,164,"Post","Policy",0
82294927,164,"Post","IDK",0
82294927,165,"Pre","Predict",0
82294927,165,"Pre","Decision",0
82294927,165,"Pre","Understanding",0
82294927,165,"Pre","Manage",0
82294927,165,"Pre","Policy",0
82294927,165,"Pre","IDK",1
82294927,165,"Post","Predict",1
82294927,165,"Post","Decision",0
82294927,165,"Post","Understanding",0
82294927,165,"Post","Manage",0
82294927,165,"Post","Policy",0
82294927,165,"Post","IDK",0
82294927,166,"Pre","Predict",1
82294927,166,"Pre","Decision",0
82294927,166,"Pre","Understanding",1
82294927,166,"Pre","Manage",0
82294927,166,"Pre","Policy",0
82294927,166,"Pre","IDK",0
82294927,166,"Post","Predict",1
82294927,166,"Post","Decision",1
82294927,166,"Post","Understanding",0
82294927,166,"Post","Manage",0
82294927,166,"Post","Policy",0
82294927,166,"Post","IDK",0
82294927,167,"Pre","Predict",0
82294927,167,"Pre","Decision",0
82294927,167,"Pre","Understanding",0
82294927,167,"Pre","Manage",1
82294927,167,"Pre","Policy",0
82294927,167,"Pre","IDK",0
82294927,167,"Post","Predict",1
82294927,167,"Post","Decision",0
82294927,167,"Post","Understanding",0
82294927,167,"Post","Manage",0
82294927,167,"Post","Policy",0
82294927,167,"Post","IDK",0
82294927,168,"Pre","Predict",1
82294927,168,"Pre","Decision",0
82294927,168,"Pre","Understanding",1
82294927,168,"Pre","Manage",0
82294927,168,"Pre","Policy",0
82294927,168,"Pre","IDK",0
82294927,168,"Post","Predict",1
82294927,168,"Post","Decision",0
82294927,168,"Post","Understanding",0
82294927,168,"Post","Manage",0
82294927,168,"Post","Policy",0
82294927,168,"Post","IDK",0
82294927,169,"Pre","Predict",0
82294927,169,"Pre","Decision",0
82294927,169,"Pre","Understanding",0
82294927,169,"Pre","Manage",0
82294927,169,"Pre","Policy",0
82294927,169,"Pre","IDK",1
82294927,169,"Post","Predict",1
82294927,169,"Post","Decision",0
82294927,169,"Post","Understanding",0
82294927,169,"Post","Manage",0
82294927,169,"Post","Policy",0
82294927,169,"Post","IDK",0
82294927,170,"Pre","Predict",1
82294927,170,"Pre","Decision",0
82294927,170,"Pre","Understanding",0
82294927,170,"Pre","Manage",0
82294927,170,"Pre","Policy",0
82294927,170,"Pre","IDK",0
82294927,170,"Post","Predict",0
82294927,170,"Post","Decision",1
82294927,170,"Post","Understanding",0
82294927,170,"Post","Manage",0
82294927,170,"Post","Policy",0
82294927,170,"Post","IDK",0
82294927,172,"Pre","Predict",1
82294927,172,"Pre","Decision",1
82294927,172,"Pre","Understanding",0
82294927,172,"Pre","Manage",0
82294927,172,"Pre","Policy",0
82294927,172,"Pre","IDK",0
82294927,172,"Post","Predict",1
82294927,172,"Post","Decision",0
82294927,172,"Post","Understanding",0
82294927,172,"Post","Manage",0
82294927,172,"Post","Policy",0
82294927,172,"Post","IDK",0
82294927,173,"Pre","Predict",0
82294927,173,"Pre","Decision",0
82294927,173,"Pre","Understanding",0
82294927,173,"Pre","Manage",0
82294927,173,"Pre","Policy",0
82294927,173,"Pre","IDK",1
82294927,173,"Post","Predict",0
82294927,173,"Post","Decision",0
82294927,173,"Post","Understanding",0
82294927,173,"Post","Manage",0
82294927,173,"Post","Policy",0
82294927,173,"Post","IDK",0
82294927,174,"Pre","Predict",1
82294927,174,"Pre","Decision",0
82294927,174,"Pre","Understanding",0
82294927,174,"Pre","Manage",0
82294927,174,"Pre","Policy",0
82294927,174,"Pre","IDK",0
82294927,174,"Post","Predict",0
82294927,174,"Post","Decision",0
82294927,174,"Post","Understanding",0
82294927,174,"Post","Manage",0
82294927,174,"Post","Policy",0
82294927,174,"Post","IDK",0
82294927,175,"Pre","Predict",0
82294927,175,"Pre","Decision",0
82294927,175,"Pre","Understanding",0
82294927,175,"Pre","Manage",0
82294927,175,"Pre","Policy",0
82294927,175,"Pre","IDK",1
82294927,175,"Post","Predict",0
82294927,175,"Post","Decision",1
82294927,175,"Post","Understanding",0
82294927,175,"Post","Manage",0
82294927,175,"Post","Policy",0
82294927,175,"Post","IDK",0
82294927,176,"Pre","Predict",0
82294927,176,"Pre","Decision",0
82294927,176,"Pre","Understanding",0
82294927,176,"Pre","Manage",0
82294927,176,"Pre","Policy",0
82294927,176,"Pre","IDK",1
82294927,176,"Post","Predict",1
82294927,176,"Post","Decision",0
82294927,176,"Post","Understanding",0
82294927,176,"Post","Manage",0
82294927,176,"Post","Policy",0
82294927,176,"Post","IDK",0
82294927,177,"Pre","Predict",0
82294927,177,"Pre","Decision",0
82294927,177,"Pre","Understanding",0
82294927,177,"Pre","Manage",0
82294927,177,"Pre","Policy",0
82294927,177,"Pre","IDK",1
82294927,177,"Post","Predict",1
82294927,177,"Post","Decision",0
82294927,177,"Post","Understanding",0
82294927,177,"Post","Manage",0
82294927,177,"Post","Policy",0
82294927,177,"Post","IDK",0
82294927,178,"Pre","Predict",1
82294927,178,"Pre","Decision",0
82294927,178,"Pre","Understanding",0
82294927,178,"Pre","Manage",0
82294927,178,"Pre","Policy",0
82294927,178,"Pre","IDK",0
82294927,178,"Post","Predict",1
82294927,178,"Post","Decision",1
82294927,178,"Post","Understanding",0
82294927,178,"Post","Manage",0
82294927,178,"Post","Policy",0
82294927,178,"Post","IDK",0
82294927,179,"Pre","Predict",0
82294927,179,"Pre","Decision",0
82294927,179,"Pre","Understanding",0
82294927,179,"Pre","Manage",0
82294927,179,"Pre","Policy",0
82294927,179,"Pre","IDK",1
82294927,179,"Post","Predict",1
82294927,179,"Post","Decision",1
82294927,179,"Post","Understanding",0
82294927,179,"Post","Manage",0
82294927,179,"Post","Policy",0
82294927,179,"Post","IDK",0
82294927,180,"Pre","Predict",0
82294927,180,"Pre","Decision",0
82294927,180,"Pre","Understanding",0
82294927,180,"Pre","Manage",0
82294927,180,"Pre","Policy",0
82294927,180,"Pre","IDK",1
82294927,180,"Post","Predict",1
82294927,180,"Post","Decision",1
82294927,180,"Post","Understanding",0
82294927,180,"Post","Manage",0
82294927,180,"Post","Policy",0
82294927,180,"Post","IDK",0
82294927,181,"Pre","Predict",1
82294927,181,"Pre","Decision",0
82294927,181,"Pre","Understanding",0
82294927,181,"Pre","Manage",0
82294927,181,"Pre","Policy",0
82294927,181,"Pre","IDK",0
82294927,181,"Post","Predict",1
82294927,181,"Post","Decision",1
82294927,181,"Post","Understanding",0
82294927,181,"Post","Manage",0
82294927,181,"Post","Policy",0
82294927,181,"Post","IDK",0
82294927,182,"Pre","Predict",0
82294927,182,"Pre","Decision",0
82294927,182,"Pre","Understanding",0
82294927,182,"Pre","Manage",0
82294927,182,"Pre","Policy",0
82294927,182,"Pre","IDK",1
82294927,182,"Post","Predict",0
82294927,182,"Post","Decision",0
82294927,182,"Post","Understanding",0
82294927,182,"Post","Manage",0
82294927,182,"Post","Policy",0
82294927,182,"Post","IDK",0
82294927,183,"Pre","Predict",1
82294927,183,"Pre","Decision",0
82294927,183,"Pre","Understanding",0
82294927,183,"Pre","Manage",0
82294927,183,"Pre","Policy",0
82294927,183,"Pre","IDK",0
82294927,183,"Post","Predict",1
82294927,183,"Post","Decision",0
82294927,183,"Post","Understanding",0
82294927,183,"Post","Manage",0
82294927,183,"Post","Policy",0
82294927,183,"Post","IDK",0
82294927,184,"Pre","Predict",0
82294927,184,"Pre","Decision",0
82294927,184,"Pre","Understanding",0
82294927,184,"Pre","Manage",0
82294927,184,"Pre","Policy",0
82294927,184,"Pre","IDK",1
82294927,184,"Post","Predict",1
82294927,184,"Post","Decision",0
82294927,184,"Post","Understanding",0
82294927,184,"Post","Manage",0
82294927,184,"Post","Policy",0
82294927,184,"Post","IDK",0
82294927,185,"Pre","Predict",1
82294927,185,"Pre","Decision",0
82294927,185,"Pre","Understanding",0
82294927,185,"Pre","Manage",0
82294927,185,"Pre","Policy",0
82294927,185,"Pre","IDK",0
82294927,185,"Post","Predict",1
82294927,185,"Post","Decision",0
82294927,185,"Post","Understanding",0
82294927,185,"Post","Manage",0
82294927,185,"Post","Policy",0
82294927,185,"Post","IDK",0
82294927,186,"Pre","Predict",0
82294927,186,"Pre","Decision",0
82294927,186,"Pre","Understanding",0
82294927,186,"Pre","Manage",0
82294927,186,"Pre","Policy",0
82294927,186,"Pre","IDK",1
82294927,186,"Post","Predict",0
82294927,186,"Post","Decision",0
82294927,186,"Post","Understanding",0
82294927,186,"Post","Manage",0
82294927,186,"Post","Policy",0
82294927,186,"Post","IDK",1
82294927,187,"Pre","Predict",1
82294927,187,"Pre","Decision",0
82294927,187,"Pre","Understanding",0
82294927,187,"Pre","Manage",1
82294927,187,"Pre","Policy",0
82294927,187,"Pre","IDK",0
82294927,187,"Post","Predict",1
82294927,187,"Post","Decision",0
82294927,187,"Post","Understanding",0
82294927,187,"Post","Manage",0
82294927,187,"Post","Policy",0
82294927,187,"Post","IDK",0
82294927,188,"Pre","Predict",0
82294927,188,"Pre","Decision",0
82294927,188,"Pre","Understanding",0
82294927,188,"Pre","Manage",0
82294927,188,"Pre","Policy",0
82294927,188,"Pre","IDK",1
82294927,188,"Post","Predict",1
82294927,188,"Post","Decision",0
82294927,188,"Post","Understanding",0
82294927,188,"Post","Manage",0
82294927,188,"Post","Policy",0
82294927,188,"Post","IDK",0
82294927,189,"Pre","Predict",1
82294927,189,"Pre","Decision",0
82294927,189,"Pre","Understanding",0
82294927,189,"Pre","Manage",0
82294927,189,"Pre","Policy",0
82294927,189,"Pre","IDK",0
82294927,189,"Post","Predict",0
82294927,189,"Post","Decision",1
82294927,189,"Post","Understanding",0
82294927,189,"Post","Manage",0
82294927,189,"Post","Policy",0
82294927,189,"Post","IDK",0
82294927,190,"Pre","Predict",1
82294927,190,"Pre","Decision",0
82294927,190,"Pre","Understanding",0
82294927,190,"Pre","Manage",0
82294927,190,"Pre","Policy",0
82294927,190,"Pre","IDK",0
82294927,190,"Post","Predict",0
82294927,190,"Post","Decision",1
82294927,190,"Post","Understanding",0
82294927,190,"Post","Manage",0
82294927,190,"Post","Policy",0
82294927,190,"Post","IDK",0
82294927,191,"Pre","Predict",0
82294927,191,"Pre","Decision",0
82294927,191,"Pre","Understanding",0
82294927,191,"Pre","Manage",0
82294927,191,"Pre","Policy",0
82294927,191,"Pre","IDK",1
82294927,191,"Post","Predict",0
82294927,191,"Post","Decision",1
82294927,191,"Post","Understanding",0
82294927,191,"Post","Manage",0
82294927,191,"Post","Policy",0
82294927,191,"Post","IDK",0
82294927,194,"Pre","Predict",1
82294927,194,"Pre","Decision",1
82294927,194,"Pre","Understanding",0
82294927,194,"Pre","Manage",0
82294927,194,"Pre","Policy",0
82294927,194,"Pre","IDK",0
82294927,194,"Post","Predict",0
82294927,194,"Post","Decision",1
82294927,194,"Post","Understanding",0
82294927,194,"Post","Manage",0
82294927,194,"Post","Policy",0
82294927,194,"Post","IDK",0
82294927,195,"Pre","Predict",1
82294927,195,"Pre","Decision",1
82294927,195,"Pre","Understanding",0
82294927,195,"Pre","Manage",0
82294927,195,"Pre","Policy",0
82294927,195,"Pre","IDK",0
82294927,195,"Post","Predict",1
82294927,195,"Post","Decision",0
82294927,195,"Post","Understanding",0
82294927,195,"Post","Manage",0
82294927,195,"Post","Policy",0
82294927,195,"Post","IDK",0
82294927,196,"Pre","Predict",1
82294927,196,"Pre","Decision",0
82294927,196,"Pre","Understanding",0
82294927,196,"Pre","Manage",0
82294927,196,"Pre","Policy",0
82294927,196,"Pre","IDK",0
82294927,196,"Post","Predict",1
82294927,196,"Post","Decision",1
82294927,196,"Post","Understanding",0
82294927,196,"Post","Manage",0
82294927,196,"Post","Policy",0
82294927,196,"Post","IDK",0
82294927,197,"Pre","Predict",1
82294927,197,"Pre","Decision",0
82294927,197,"Pre","Understanding",0
82294927,197,"Pre","Manage",0
82294927,197,"Pre","Policy",0
82294927,197,"Pre","IDK",0
82294927,197,"Post","Predict",1
82294927,197,"Post","Decision",0
82294927,197,"Post","Understanding",0
82294927,197,"Post","Manage",0
82294927,197,"Post","Policy",0
82294927,197,"Post","IDK",0
82294927,198,"Pre","Predict",0
82294927,198,"Pre","Decision",0
82294927,198,"Pre","Understanding",0
82294927,198,"Pre","Manage",0
82294927,198,"Pre","Policy",0
82294927,198,"Pre","IDK",1
82294927,198,"Post","Predict",1
82294927,198,"Post","Decision",0
82294927,198,"Post","Understanding",0
82294927,198,"Post","Manage",0
82294927,198,"Post","Policy",0
82294927,198,"Post","IDK",0
82294927,199,"Pre","Predict",0
82294927,199,"Pre","Decision",0
82294927,199,"Pre","Understanding",0
82294927,199,"Pre","Manage",0
82294927,199,"Pre","Policy",0
82294927,199,"Pre","IDK",1
82294927,199,"Post","Predict",0
82294927,199,"Post","Decision",0
82294927,199,"Post","Understanding",0
82294927,199,"Post","Manage",0
82294927,199,"Post","Policy",0
82294927,199,"Post","IDK",1
82294927,200,"Pre","Predict",1
82294927,200,"Pre","Decision",0
82294927,200,"Pre","Understanding",0
82294927,200,"Pre","Manage",0
82294927,200,"Pre","Policy",0
82294927,200,"Pre","IDK",0
82294927,200,"Post","Predict",1
82294927,200,"Post","Decision",0
82294927,200,"Post","Understanding",0
82294927,200,"Post","Manage",0
82294927,200,"Post","Policy",0
82294927,200,"Post","IDK",0
82294927,201,"Pre","Predict",1
82294927,201,"Pre","Decision",0
82294927,201,"Pre","Understanding",0
82294927,201,"Pre","Manage",0
82294927,201,"Pre","Policy",0
82294927,201,"Pre","IDK",0
82294927,201,"Post","Predict",1
82294927,201,"Post","Decision",0
82294927,201,"Post","Understanding",0
82294927,201,"Post","Manage",1
82294927,201,"Post","Policy",0
82294927,201,"Post","IDK",0
82294927,202,"Pre","Predict",1
82294927,202,"Pre","Decision",0
82294927,202,"Pre","Understanding",0
82294927,202,"Pre","Manage",0
82294927,202,"Pre","Policy",0
82294927,202,"Pre","IDK",0
82294927,202,"Post","Predict",0
82294927,202,"Post","Decision",0
82294927,202,"Post","Understanding",0
82294927,202,"Post","Manage",0
82294927,202,"Post","Policy",1
82294927,202,"Post","IDK",0
82294927,203,"Pre","Predict",0
82294927,203,"Pre","Decision",0
82294927,203,"Pre","Understanding",0
82294927,203,"Pre","Manage",0
82294927,203,"Pre","Policy",1
82294927,203,"Pre","IDK",0
82294927,203,"Post","Predict",1
82294927,203,"Post","Decision",1
82294927,203,"Post","Understanding",0
82294927,203,"Post","Manage",1
82294927,203,"Post","Policy",0
82294927,203,"Post","IDK",0
82294927,204,"Pre","Predict",1
82294927,204,"Pre","Decision",0
82294927,204,"Pre","Understanding",0
82294927,204,"Pre","Manage",0
82294927,204,"Pre","Policy",0
82294927,204,"Pre","IDK",0
82294927,204,"Post","Predict",1
82294927,204,"Post","Decision",0
82294927,204,"Post","Understanding",0
82294927,204,"Post","Manage",0
82294927,204,"Post","Policy",0
82294927,204,"Post","IDK",0
82294927,205,"Pre","Predict",1
82294927,205,"Pre","Decision",0
82294927,205,"Pre","Understanding",0
82294927,205,"Pre","Manage",0
82294927,205,"Pre","Policy",0
82294927,205,"Pre","IDK",0
82294927,205,"Post","Predict",1
82294927,205,"Post","Decision",0
82294927,205,"Post","Understanding",0
82294927,205,"Post","Manage",0
82294927,205,"Post","Policy",0
82294927,205,"Post","IDK",0
82294927,206,"Pre","Predict",0
82294927,206,"Pre","Decision",0
82294927,206,"Pre","Understanding",0
82294927,206,"Pre","Manage",0
82294927,206,"Pre","Policy",0
82294927,206,"Pre","IDK",1
82294927,206,"Post","Predict",0
82294927,206,"Post","Decision",1
82294927,206,"Post","Understanding",0
82294927,206,"Post","Manage",0
82294927,206,"Post","Policy",0
82294927,206,"Post","IDK",0
82294927,207,"Pre","Predict",1
82294927,207,"Pre","Decision",0
82294927,207,"Pre","Understanding",0
82294927,207,"Pre","Manage",0
82294927,207,"Pre","Policy",0
82294927,207,"Pre","IDK",0
82294927,207,"Post","Predict",1
82294927,207,"Post","Decision",1
82294927,207,"Post","Understanding",0
82294927,207,"Post","Manage",0
82294927,207,"Post","Policy",0
82294927,207,"Post","IDK",0
82294927,208,"Pre","Predict",1
82294927,208,"Pre","Decision",0
82294927,208,"Pre","Understanding",0
82294927,208,"Pre","Manage",0
82294927,208,"Pre","Policy",0
82294927,208,"Pre","IDK",0
82294927,208,"Post","Predict",1
82294927,208,"Post","Decision",0
82294927,208,"Post","Understanding",0
82294927,208,"Post","Manage",0
82294927,208,"Post","Policy",0
82294927,208,"Post","IDK",0
82294927,210,"Pre","Predict",0
82294927,210,"Pre","Decision",0
82294927,210,"Pre","Understanding",0
82294927,210,"Pre","Manage",0
82294927,210,"Pre","Policy",0
82294927,210,"Pre","IDK",1
82294927,210,"Post","Predict",1
82294927,210,"Post","Decision",1
82294927,210,"Post","Understanding",0
82294927,210,"Post","Manage",0
82294927,210,"Post","Policy",0
82294927,210,"Post","IDK",0
82294927,211,"Pre","Predict",1
82294927,211,"Pre","Decision",1
82294927,211,"Pre","Understanding",0
82294927,211,"Pre","Manage",0
82294927,211,"Pre","Policy",0
82294927,211,"Pre","IDK",0
82294927,211,"Post","Predict",1
82294927,211,"Post","Decision",1
82294927,211,"Post","Understanding",0
82294927,211,"Post","Manage",0
82294927,211,"Post","Policy",0
82294927,211,"Post","IDK",0
82294927,212,"Pre","Predict",0
82294927,212,"Pre","Decision",0
82294927,212,"Pre","Understanding",1
82294927,212,"Pre","Manage",0
82294927,212,"Pre","Policy",0
82294927,212,"Pre","IDK",0
82294927,212,"Post","Predict",1
82294927,212,"Post","Decision",0
82294927,212,"Post","Understanding",0
82294927,212,"Post","Manage",0
82294927,212,"Post","Policy",0
82294927,212,"Post","IDK",0
82294927,213,"Pre","Predict",0
82294927,213,"Pre","Decision",0
82294927,213,"Pre","Understanding",0
82294927,213,"Pre","Manage",0
82294927,213,"Pre","Policy",0
82294927,213,"Pre","IDK",1
82294927,213,"Post","Predict",1
82294927,213,"Post","Decision",0
82294927,213,"Post","Understanding",0
82294927,213,"Post","Manage",0
82294927,213,"Post","Policy",0
82294927,213,"Post","IDK",0
82294927,214,"Pre","Predict",0
82294927,214,"Pre","Decision",0
82294927,214,"Pre","Understanding",0
82294927,214,"Pre","Manage",0
82294927,214,"Pre","Policy",0
82294927,214,"Pre","IDK",1
82294927,214,"Post","Predict",1
82294927,214,"Post","Decision",0
82294927,214,"Post","Understanding",0
82294927,214,"Post","Manage",0
82294927,214,"Post","Policy",0
82294927,214,"Post","IDK",0
82294927,215,"Pre","Predict",0
82294927,215,"Pre","Decision",0
82294927,215,"Pre","Understanding",0
82294927,215,"Pre","Manage",0
82294927,215,"Pre","Policy",0
82294927,215,"Pre","IDK",1
82294927,215,"Post","Predict",1
82294927,215,"Post","Decision",0
82294927,215,"Post","Understanding",0
82294927,215,"Post","Manage",0
82294927,215,"Post","Policy",0
82294927,215,"Post","IDK",0
82294927,216,"Pre","Predict",1
82294927,216,"Pre","Decision",1
82294927,216,"Pre","Understanding",0
82294927,216,"Pre","Manage",0
82294927,216,"Pre","Policy",0
82294927,216,"Pre","IDK",0
82294927,216,"Post","Predict",1
82294927,216,"Post","Decision",1
82294927,216,"Post","Understanding",0
82294927,216,"Post","Manage",0
82294927,216,"Post","Policy",0
82294927,216,"Post","IDK",0
82294927,217,"Pre","Predict",0
82294927,217,"Pre","Decision",0
82294927,217,"Pre","Understanding",0
82294927,217,"Pre","Manage",0
82294927,217,"Pre","Policy",0
82294927,217,"Pre","IDK",0
82294927,217,"Post","Predict",1
82294927,217,"Post","Decision",0
82294927,217,"Post","Understanding",0
82294927,217,"Post","Manage",0
82294927,217,"Post","Policy",0
82294927,217,"Post","IDK",0
82294927,220,"Pre","Predict",1
82294927,220,"Pre","Decision",1
82294927,220,"Pre","Understanding",0
82294927,220,"Pre","Manage",0
82294927,220,"Pre","Policy",0
82294927,220,"Pre","IDK",0
82294927,220,"Post","Predict",0
82294927,220,"Post","Decision",1
82294927,220,"Post","Understanding",0
82294927,220,"Post","Manage",0
82294927,220,"Post","Policy",0
82294927,220,"Post","IDK",0
82294927,221,"Pre","Predict",1
82294927,221,"Pre","Decision",1
82294927,221,"Pre","Understanding",0
82294927,221,"Pre","Manage",1
82294927,221,"Pre","Policy",0
82294927,221,"Pre","IDK",0
82294927,221,"Post","Predict",1
82294927,221,"Post","Decision",1
82294927,221,"Post","Understanding",0
82294927,221,"Post","Manage",1
82294927,221,"Post","Policy",0
82294927,221,"Post","IDK",0
82294927,222,"Pre","Predict",0
82294927,222,"Pre","Decision",0
82294927,222,"Pre","Understanding",0
82294927,222,"Pre","Manage",0
82294927,222,"Pre","Policy",0
82294927,222,"Pre","IDK",1
82294927,222,"Post","Predict",0
82294927,222,"Post","Decision",1
82294927,222,"Post","Understanding",0
82294927,222,"Post","Manage",0
82294927,222,"Post","Policy",0
82294927,222,"Post","IDK",0
82294927,223,"Pre","Predict",0
82294927,223,"Pre","Decision",0
82294927,223,"Pre","Understanding",0
82294927,223,"Pre","Manage",1
82294927,223,"Pre","Policy",0
82294927,223,"Pre","IDK",0
82294927,223,"Post","Predict",0
82294927,223,"Post","Decision",1
82294927,223,"Post","Understanding",0
82294927,223,"Post","Manage",0
82294927,223,"Post","Policy",0
82294927,223,"Post","IDK",0
82294927,224,"Pre","Predict",0
82294927,224,"Pre","Decision",0
82294927,224,"Pre","Understanding",0
82294927,224,"Pre","Manage",0
82294927,224,"Pre","Policy",0
82294927,224,"Pre","IDK",1
82294927,224,"Post","Predict",0
82294927,224,"Post","Decision",0
82294927,224,"Post","Understanding",1
82294927,224,"Post","Manage",0
82294927,224,"Post","Policy",0
82294927,224,"Post","IDK",0
82294927,225,"Pre","Predict",0
82294927,225,"Pre","Decision",0
82294927,225,"Pre","Understanding",0
82294927,225,"Pre","Manage",0
82294927,225,"Pre","Policy",0
82294927,225,"Pre","IDK",1
82294927,225,"Post","Predict",1
82294927,225,"Post","Decision",0
82294927,225,"Post","Understanding",0
82294927,225,"Post","Manage",0
82294927,225,"Post","Policy",0
82294927,225,"Post","IDK",0
82294927,226,"Pre","Predict",0
82294927,226,"Pre","Decision",0
82294927,226,"Pre","Understanding",1
82294927,226,"Pre","Manage",1
82294927,226,"Pre","Policy",0
82294927,226,"Pre","IDK",0
82294927,226,"Post","Predict",0
82294927,226,"Post","Decision",0
82294927,226,"Post","Understanding",1
82294927,226,"Post","Manage",0
82294927,226,"Post","Policy",0
82294927,226,"Post","IDK",0
82294927,227,"Pre","Predict",1
82294927,227,"Pre","Decision",0
82294927,227,"Pre","Understanding",0
82294927,227,"Pre","Manage",0
82294927,227,"Pre","Policy",0
82294927,227,"Pre","IDK",0
82294927,227,"Post","Predict",1
82294927,227,"Post","Decision",0
82294927,227,"Post","Understanding",0
82294927,227,"Post","Manage",0
82294927,227,"Post","Policy",0
82294927,227,"Post","IDK",0
